legacy_user_id,user_id,legacy_photo_path,file_present_in_export,file_bytes
1,0f687466-3f44-4b0d-807e-0e2bfbcad9f8,profiles/1/1778854439401-7a69dcf45b514e50.webp,yes,63964
2,d6855416-aa37-4adc-a438-82f85064a78b,profiles/2/1784407295910-351b392de652f7b7.webp,yes,52054
4,ba82aa53-7715-40c7-8537-76bba32e939a,profiles/8d693318-6790-463e-95ff-9684e025c12a/1766126071927-c856dfb2547bd0b0.webp,yes,23530
6,fac4ddc4-4c91-4695-a2be-e683da1af760,profiles/9a33a7e3-48de-435a-b136-7e90f10813fe/1766162311559-ef5d092cd1278b03.webp,yes,32670
7,a8f068ed-2374-42a8-8d9c-5a74076f55cc,profiles/ca9c711b-c01b-49d4-9dde-f7f2fcc56c84/1766162585700-33a2f28be656fd2b.webp,yes,92392
10,e69ea084-04c3-4e2e-ad67-54cce2294656,profiles/30f92ed6-0b4e-4a87-85ac-47c53607e8e1/1766169696046-7f00a9d4237f2237.webp,yes,57706
11,2e99a3e9-a2a8-4c52-88d0-a02f72f46043,profiles/30eebbdd-696d-4a6d-85d5-6866ff555e76/1766170000302-a071a85c375beb18.webp,yes,72064
14,13799305-c1fb-476e-bcc4-e11144482903,profiles/92e6dc71-c823-4f0f-87cb-3a10f45574db/1766171046243-0e2bccd84d679e73.webp,yes,11810
18,82a63f30-cf24-4027-b490-5ac891805502,profiles/3a1de3fb-654c-41b1-8342-7237fd2902de/1766252661412-f4fad6164b2f4d75.webp,yes,16838
24,269cc115-d8d1-4a72-b2be-1f47b3482b43,profiles/0398e818-ffac-4f51-b944-c6718024477d/1766207520876-33cc9bc02dd0f699.webp,yes,62220
25,64ceff95-249a-41d5-a971-f032fa48d0b5,profiles/25/1783702201609-f66c9daa5e1c4004.webp,yes,86928
30,7c5fbf42-40d2-4a4e-939d-3d7aa4f60d4e,profiles/438e46ac-3947-468b-8f0c-64733667f4e7/1766208104989-8f41b7dcfa50719f.webp,yes,55010
31,c627e91b-34b4-4568-9a80-675418ac1957,profiles/95a2f837-5aee-4c4c-8147-0a08632ea90a/1766213789828-7f5a126caed52981.webp,yes,22294
34,7defc9ef-43cc-4ec5-8070-88050cd1135e,profiles/a9755483-6e2d-4fc1-9167-0bb82cc94369/1766261461001-4b37d87b7a377a4a.webp,yes,52616
36,a7027cd5-947b-4198-9bf1-f995225acd42,profiles/48b10f89-674c-4be2-b2d7-8039e5266072/1766277360292-4b82648434ee8ce0.webp,yes,36668
37,ef6e7d55-e8f3-4de7-9ba8-8c872f42cde1,profiles/37/1782079131285-775a71856481255a.webp,yes,22274
38,c9871f2b-26e1-4cde-87c6-8895a6a61ec2,profiles/05cfe953-5899-454c-97d2-6e591d3a1ec9/1766357733796-30488c942fd4b966.webp,yes,79884
40,9dc6c0c1-9864-40b4-9d2d-52007770bc70,profiles/e947eb76-fb23-4a17-940b-3aafddaa37f9/1766886879854-f494b19dbd04f091.webp,yes,82650
44,9cf9967c-92a3-4bb6-b8c4-1f692b8d4319,profiles/44/1772598501093-f45742a275fc86b4.webp,yes,69636
45,b7b157b9-99e2-403f-b0c4-5456a6c0a52e,profiles/4aa02e44-8294-47cc-ab3e-a7af7b013c14/1766528593342-67d90dbebb6b6b1e.webp,yes,60724
46,f02f4826-6b34-4183-980c-37d6986ff0c3,profiles/46/1777648849709-b1d5e5b91b963376.webp,yes,31052
50,20cab2d4-3c6d-45a1-abbd-f66ee4154ee0,profiles/b1a3830a-7ff9-4941-8001-1a101e469f19/1767839141155-f0ef8f870193d59c.webp,yes,26072
51,6af67170-76ea-4e78-9f2b-c65218a23510,profiles/e5650fd9-1227-4ca4-8a02-233c855fb6ba/1768965056930-a98a5c266985828d.webp,yes,39292
53,8ac99c67-4264-4eda-8b23-04ea0178bb0b,profiles/53/1772562183427-b4358c718ef1f063.webp,yes,46250
56,2aa25ccc-0fb2-4bea-b6b7-c1e70687b59c,profiles/46dba591-4296-4aee-9616-f400421553e3/1767931681288-2183a0fb11c4b59d.webp,yes,54106
59,230f3cfc-f22e-4c61-a859-7f5e1d34a481,profiles/4b3feafb-5a1e-4240-993f-e85deccda38e/1767972326968-a430e3b3623e6d32.webp,yes,31268
60,a5d87bbb-9f8d-4dc7-b704-cd80290787ad,profiles/60/1774982469239-113542e476abaf0e.webp,yes,25630
61,150f4e82-3bbb-4328-8f5f-d0814bfc85ca,profiles/050e6d06-7047-4791-b9b7-78afc5ca0f2f/1768007597872-94bf93adf5cbc248.webp,yes,38750
62,b0127f51-46a9-459d-b86b-ebbd2d9a1ec9,profiles/7bf022b0-ff6f-4001-9d00-010a2a6c0c3f/1768116008864-f47b451217bfa92f.webp,yes,31558
65,a296bad4-c377-4551-91dd-77a175be494f,profiles/477b4c89-dca8-4f43-a54f-34ccf85a4ea9/1768605900154-33510caff6b28211.webp,yes,39046
67,df3359f2-d397-4354-aa6b-ee1637b39f4b,profiles/67/1772664418473-217fbdb154eb82e8.webp,yes,63964
71,3e46e6d0-c4d8-4d85-ad68-1f3d2fcac28f,profiles/71/1772198791256-c74ba5de3307326a.webp,yes,86970
74,3fceadf5-bf92-42f7-9597-27aad04b2216,profiles/0b520426-1d3d-43a0-842b-cfe017d1e868/1770124047860-ad0d5db23853c5f8.webp,yes,56500
76,8413fe7a-c929-4926-97c7-0f2b9bde0111,profiles/76/1771611639865-83b254e6af579ce6.webp,yes,86700
78,da56da11-67f6-4035-bb46-3e971ef3a8b1,profiles/44713a7b-15ba-464d-94a5-ceb1e8adaa01/1770182247991-5f5a82fb3185c0bd.webp,yes,62662
80,f3a4e1d7-eaaf-4ecc-9177-9315d4e56aca,profiles/f96a921f-5591-4c12-addf-bcf7e3360cce/1770330978851-6ecbe28ba7974390.webp,yes,11030
81,ca395fbd-1df6-4c45-bcbd-f9dd15aafcdd,profiles/1dcd16fe-f45e-43aa-930a-23908bcd9f74/1770331073821-71bd2f90475bbcd7.webp,yes,109228
82,8947cc7d-38bb-4fde-b823-1767a563ea0c,profiles/3a9833ba-2627-49c0-9cff-2cdb5ed4f04d/1770332147407-05b768801fd7bb92.webp,yes,36552
83,c010617c-b2b9-4af3-b2b8-ee1d59cfc72d,profiles/9db6c09d-da6b-4d6d-9602-db76b45057a6/1770352998548-c518e9b4be57122d.webp,yes,37956
84,3159038c-5c25-4da6-9b54-8ed23c8be732,profiles/2bb149c8-4f03-4c8a-b8a4-6a788c20cc2f/1770381849613-397fa7a2e7e64951.webp,yes,11540
87,d1d32a96-cc54-4706-9d94-134b5dd6f156,profiles/cc924b90-f757-47ac-b06d-feffd155be58/1770436018496-eeec8f2c9c74a561.webp,yes,49920
88,bb330f8c-a64a-4ae4-962d-0734bb0e6f6d,profiles/44e05f18-7ae0-4c7c-8d37-61e068abfaf0/1770439557389-ade9061f4b7d131a.webp,yes,47160
94,7f99e4da-d50e-4acf-8d36-d6a410639ab4,profiles/94/1777663217050-6bf5108bf7ab1aa0.webp,yes,23570
95,c4c9e0e3-a7e2-4f91-a163-e8e0722fda01,profiles/15b36d13-d9bd-453f-8f19-073e60b68d92/1770694331170-af6a810a1715a724.webp,yes,6552
96,4dbbb3bb-fe3e-4efb-9da3-fac74e05f425,profiles/9f268df9-b925-4b44-a8e7-301879e7bccd/1770739842650-b725d365b79652bb.webp,yes,30444
100,8db41eeb-58f5-427b-ae28-c0d4e4533719,profiles/0180bf9e-1fef-434e-ad30-7951bb467491/1770802773603-e564a0e3bd8958dd.webp,yes,48862
101,4ac8643b-8aef-4311-9ab0-5d3a79045173,profiles/4819fd28-8dd3-4bbd-ab71-c7a463d06133/1770903936893-f5308fa799e22c34.webp,yes,33668
102,44bc8bc0-3af7-4824-8050-49b8d54d267b,profiles/32c1724b-9abb-4613-b91a-e590c7ef7cfa/1770879626982-4bf0b6ce0fe4c7ba.webp,yes,105328
103,9649340d-59da-4f80-af27-ccc2fdc151bc,profiles/06b4ff31-f3f9-4fb5-a9da-8eed992c7b25/1770914224414-75120cc40a2a3d52.webp,yes,14820
107,7885604f-58b6-4d1e-b54f-b700822ddb6e,profiles/6903c327-086d-4b6c-96bb-b42cc3c42628/1771295216547-d201d5ef387e2e53.webp,yes,628
108,9c395a41-1931-4ab0-83fb-9b069bb55cad,profiles/22d0a891-7e82-4798-bd0d-d3cf0c0e967a/1771288111300-506c054f1f1fa195.webp,yes,22898
112,2daa5334-497f-4af4-9414-c7154ff10aef,profiles/112/1771742933821-03deaf0f1cbf7c96.webp,yes,43106
114,df9be7f4-8131-4bf9-933e-e64532beb1df,profiles/114/1777663088181-09ea72effe5f3ed9.webp,yes,23570
115,887d4375-bd64-4534-9fce-1749862f0a2c,profiles/115/1772236913676-894dd795e870cb15.webp,yes,34928
117,f9e9d3d9-5e35-4449-9405-4eb0810c7136,profiles/117/1772302691525-f2a0c4bc9257bde0.webp,yes,28336
118,c2425328-89c0-4711-98e2-745294fdca30,profiles/118/1772487585157-e019dfccb925795e.webp,yes,27364
123,3513a724-99e3-4260-a57d-4b6e3d6b7a9b,profiles/123/1772504612366-9d46adee58bb183b.webp,yes,32850
124,7c5997f6-1911-4588-9e53-75931f605d2b,profiles/124/1772559482417-f19455fe2fd6c70d.webp,yes,170214
126,4e8300d8-3955-42d0-8ffc-48dc8ded827b,profiles/126/1772643951961-7793e621cf9f3291.webp,yes,82544
128,f10c5970-2367-4958-80d4-1b2b7ba999f5,profiles/128/1772840058308-35a7a6b7170d2d76.webp,yes,49932
129,6b7dfd0c-a2f3-47ee-865c-a88612f993ca,profiles/129/1772903150126-6f2b7d0a2e5f0529.webp,yes,82928
130,8d28e6dd-a08e-4eab-8197-d1c2d1157021,profiles/130/1772941371850-f4f2fc19cdc15f27.webp,yes,60146
135,aa402044-c2bc-4673-bd7d-9e6c8fc104b5,profiles/135/1773194556692-093182c0de1d10de.webp,yes,37278
139,579b7056-84e4-4d39-a731-a906becaabce,profiles/139/1773363880676-6213ef9a3cc2e508.webp,yes,85544
140,6e035ec6-a05f-40ff-b428-77bb4ad56e61,profiles/140/1773369239207-f48bd2f49fdbd94e.webp,yes,112346
142,4c2fb3b4-3ab9-497f-bafc-11c5e6806288,profiles/142/1773424612285-f0f197e0b562709a.webp,yes,67530
143,8036843b-fd02-4b3c-86c0-52bd3f984e3c,profiles/143/1773420936856-ff6aa701a146aa14.webp,yes,20696
144,218704ab-ce3e-4184-b9f0-4eb1ec901a5d,profiles/144/1773424860747-674560e6a5e58ffd.webp,yes,34086
145,f1986c14-0dc4-40a2-9d77-d2ddeea63d09,profiles/145/1773435332314-f9d967fd093ffe27.webp,yes,37352
146,a746b105-ebff-4213-bf7b-1b5eb55da175,profiles/146/1773594109533-b8a61955e87479af.webp,yes,1926
149,ac1f8541-e8d8-411f-8f6d-f9e27607a621,profiles/149/1773772487420-db359b0294bb8e12.webp,yes,59926
150,7d817f9e-5fc8-4c0b-b797-dbc8948996fb,profiles/150/1773857750562-9ad4cb606d61c8f7.webp,yes,33092
151,eb80bf4f-bea0-4105-bf72-4d5e113bf6d0,profiles/151/1773879147504-ac7b3b9eb4fdd123.webp,yes,147576
154,c7dd21a3-0db8-4ac4-97b7-5cd8d43af93a,profiles/154/1774562721963-e967d440db8903a9.webp,yes,34256
158,f79cb206-819d-4b0d-9cd2-e5b6bd2bde43,profiles/158/1774568297472-09851d5ddbdc3ffe.webp,yes,66466
162,7c46daea-7748-4c22-ae47-0e0900131262,profiles/162/1774709654214-5046da9722621a3b.webp,yes,67932
166,9fd03e69-90ec-4ded-83e9-0bd0e02e9a1d,profiles/166/1774819078889-498e5d86c886522d.webp,yes,42034
167,e59d931b-7583-4734-ad18-312b104a7c69,profiles/167/1774891376626-420082b964864664.webp,yes,37138
170,5edc4def-4317-4bec-8c29-3770eaaa8029,profiles/170/1775059429611-723e699c5994e4ac.webp,yes,30146
171,a2fdc94d-9038-4246-b021-bc31919e4127,profiles/171/1775102019872-150361206ecc76d1.webp,yes,13920
176,be5ba38b-ee7b-4b10-9ba7-7b9ced1e199b,profiles/176/1775704632175-218f9ef24c3018a3.webp,yes,34016
179,d8b3e310-c45b-480d-be11-a8cb7f66e9b7,profiles/179/1775927715238-92faf84e144a5c2e.webp,yes,40840
181,a3cd46c0-e64d-41a6-9b23-9d6599a9eb95,profiles/181/1776228638194-5976a83c6ab0e2c2.webp,yes,62598
184,b104bb72-6f01-4cd8-9679-78bca47e405c,profiles/184/1776639329143-d0d46bd7f3361ffa.webp,yes,117998
186,230b916e-f420-46d7-84e1-18ee0fc3a50b,profiles/186/1776649821454-256ce0746ef7a9f7.webp,yes,30930
190,a9d98e70-8037-442e-83e7-f97b8e0af543,profiles/190/1776720702825-9dfcc02803472870.webp,yes,42778
191,045cc187-aa6d-4a60-bc59-7a42cc8ec79c,profiles/191/1776719223718-60e0aec2fcc7900b.webp,yes,147646
192,91fb66a7-aeb1-4725-8db4-b05b92aca971,profiles/192/1776729692801-5d55e5f81a754466.webp,yes,40946
196,b063c63e-7dc7-40a8-9b43-a2c97b64882b,profiles/196/1776750372634-0363a87ce065e8c8.webp,yes,21348
197,9a6b4f83-de29-4c35-bc89-53ade6a1834d,profiles/197/1776750675091-176355f25a4558ec.webp,yes,55942
200,625e1b25-4ab4-41fd-8e4a-4ac485ba450e,profiles/200/1776792640555-b0555003e5bc91e4.webp,yes,90506
201,27cdb12e-f4d5-462e-b73c-c9e4a57bd2e6,profiles/201/1776795394641-fd11babbec2df01c.webp,yes,51188
202,c052a95f-e7c3-4914-b90d-bf6c45ac574f,profiles/202/1776797449624-707e943571f62802.webp,yes,37508
204,8fb6c9db-5c9f-4b80-b22e-76d4202af3fd,profiles/204/1776804476651-5b38b5e895606d41.webp,yes,44138
207,b2dfbac5-c8ce-49ab-8eaa-8c3039e61162,profiles/207/1776813887213-6a3f9525aa7a44ef.webp,yes,1926
210,7cdedbdf-1357-4392-9957-3ed3ff9a38cd,profiles/210/1776922924183-6ecdb40a2f9d98c1.webp,yes,145124
212,c902e7f9-d374-4867-aad2-e23d8d1ab8bc,profiles/212/1776877969973-ea78f7228f18a47f.webp,yes,38626
216,e6d4ee04-7a60-4f73-b45e-4f53e733296f,profiles/216/1776982381349-001ae4417acf4da7.webp,yes,102576
217,629f46bf-0e7a-4733-81d5-13624045c94a,profiles/217/1776982604515-aac7cdea3182e216.webp,yes,1926
218,82973c47-13cf-407d-b034-56a6b8293be7,profiles/218/1776982722328-410e1f6441715a1c.webp,yes,62678
222,b03cb054-90fd-4772-84a5-78b2b8e02804,profiles/222/1776983573742-ac5df0c40e9ffbc6.webp,yes,45288
224,2223cd5d-c165-4f81-9f57-a365bd649337,profiles/224/1776983532613-2527f89e28a21545.webp,yes,58762
225,256025bd-6b02-4563-b467-b669bea46215,profiles/225/1777729785299-f9bc5b8d87dfe37d.webp,yes,138090
236,462d1e32-d8f5-490e-a4af-7f88cec05db0,profiles/236/1776987741702-2aca3d82b15a04ed.webp,yes,10386
237,531fe134-a3a0-40f4-88d3-325f136e3c65,profiles/237/1776987734323-4fb4e5de48397b75.webp,yes,24992
244,381c6303-0744-422d-ba5b-b00e92af4a46,profiles/244/1776988019375-e7d1f4089ee68ee6.webp,yes,44182
249,9adc0b97-9a91-41a9-8a8b-7203a612b121,profiles/249/1776996352906-d986af719aeb155e.webp,yes,40590
250,17f7d7cf-2d71-4817-acb1-71aa661cab56,profiles/250/1777026396116-f839b774d3ec6bd3.webp,yes,1926
251,97e45b5e-6ee9-46d6-a004-9861dfbf23dc,profiles/251/1777075894962-ee249c9e2193ae66.webp,yes,39968
252,26e08f89-99f0-466c-8c66-54ff04111b04,profiles/252/1777152991311-ebab78ca754332c1.webp,yes,17380
253,3f3c5053-700a-4b23-a40f-d99ac6a6d5c0,profiles/253/1777156080935-acfbbf2152307fc3.webp,yes,18174
259,80eb9c50-f00d-4d07-b0a9-8f96d7934797,profiles/259/1777760223926-3140708302112b15.webp,yes,58226
266,e4a004fa-da9a-4f95-8397-b3a97c3f8118,profiles/266/1778187430791-db915eebe8a4c4a5.webp,yes,53730
268,a6d654bb-d363-4396-9ebd-8cc9df8c1c0c,profiles/268/1778271211222-0ae0aa958f19e9d4.webp,yes,26914
270,fdcf8f39-7cce-4e7e-a14a-377729661ffa,profiles/270/1778359059823-eba236a186d36d16.webp,yes,44128
271,213e9498-23fc-4649-9266-a1b3530cf773,profiles/271/1778369122451-f3630abb8f8bde4e.webp,yes,60572
272,fc18422a-1b54-4d30-929f-a71f0d00211c,profiles/272/1778859356610-f08678ad50c09477.webp,yes,34136
279,b08f5457-936f-4931-89bf-8d68df200eb7,profiles/279/1783784478818-ec76e39115fb2783.webp,yes,37640
281,aa770f1e-e485-42d4-8041-9c556562a000,profiles/281/1778986712311-f9566ba4f4113d14.webp,yes,31508
288,e52de2c2-4663-4085-adab-a31ecf52f2d3,profiles/288/1778816363991-24884f16abdb270f.webp,yes,102488
289,9ec43ca0-f417-46f0-a258-aed03c7ab519,profiles/289/1778820463455-867948b24cfcf757.webp,yes,36108
292,c764a4bd-a15d-4056-b882-ddfefe3e7fdc,profiles/292/1778874411342-de006e7f47c29780.webp,yes,59990
293,22d9a336-d2ce-430a-92db-604a7b114f10,profiles/293/1778897931038-d6c79b5100aafe9a.webp,yes,21668
294,3d601cb2-9d71-445c-82b7-1f459b8128a6,profiles/294/1778955626905-b089cbe521aa8197.webp,yes,33230
296,8a92439c-ef45-4e37-850d-57e610e07193,profiles/296/1779217344550-d7be25f07b4fc34f.webp,yes,37480
297,21c4dc37-8a5e-42b1-b1c3-ab0dcceebeb3,profiles/297/1779228755065-f57a99adf06cae31.webp,yes,1926
300,54030989-968b-46d7-83cb-4ad2b4ba29bf,profiles/300/1779538802117-ed944de2d675ae62.webp,yes,61850
301,ba14aa46-f9d9-4905-8bc7-dde2dc0860e9,profiles/301/1780084385712-416f3edeb31d19d9.webp,yes,26516
302,577488e4-2276-4146-a731-69148a96875e,profiles/302/1780108995762-df9b517f6107d268.webp,yes,82882
303,c850c8d1-679e-4542-9683-ae9863e08835,profiles/303/1780446869982-ebee4f934161b071.webp,yes,19200
304,a774672e-ad9d-4070-b582-7e2db7a7fe21,profiles/304/1781216453010-646aaf6e18ea4705.webp,yes,103530
306,6a8e37d0-3c2c-49fe-8b94-906e328e07eb,profiles/306/1781219349667-3bd31e84e3d01cea.webp,yes,35520
309,37ddf771-4453-478f-8a75-fdbc79633ff4,profiles/309/1781821156869-5899b7b6c9e0624a.webp,yes,42070
310,3890ea91-10c7-4e3b-81cb-1969307a2296,profiles/310/1781289142478-3c072d25d7b0d987.webp,yes,21706
311,65ee4a04-fc80-4116-98b4-078be484ba68,profiles/311/1781355216675-c4fc2604796aee60.webp,yes,30822
313,390745e5-6f2a-4e33-8f67-8054a0b959f5,profiles/313/1781490155059-7f82c492ec604bdc.webp,yes,73616
315,27f64168-0781-4ac4-ba1d-77c527e15b3a,profiles/315/1782198867981-6bc941eda13413b6.webp,yes,81294
316,96a1279d-4b8d-4e88-a55f-7cfbd3af8e6d,profiles/316/1782426259471-4b324780946ce271.webp,yes,40886
319,ff4993c9-f90a-4374-82a4-c4f0e2d888fe,profiles/319/1782430604678-249fcb042b154647.webp,yes,35616
325,f78c1b88-0538-426a-babe-876ccb5c8abd,profiles/325/1783562512820-ac741d657f805f75.webp,yes,53198
326,8b517c07-9ec5-4f16-9539-bf434625a26b,profiles/326/1783636985302-3b0c13bd7c69ecd2.webp,yes,31158
327,f6d1c3c0-173f-441f-8ba0-0222db985021,profiles/327/1784308143821-81b8d0244ed7d7f7.webp,yes,51824
328,6801ed00-2e9b-4647-843a-ead3c940b8f5,profiles/328/1784771109610-a8ac1d2cb877361b.webp,yes,132972
332,eba6317e-a2bb-410e-9f6a-06c5d544a97c,profiles/332/1784845671918-f8b4ecfb68802c35.webp,yes,34270
334,1b1a7cd5-4c90-453d-836a-750b0f4cffe8,profiles/334/1784846395480-3ee303aadbfa7e02.webp,yes,48452
335,c158148c-0a23-48bf-a43a-bbf9a123f7d1,profiles/335/1784846646632-ffbf92f8d73f9fa3.webp,yes,96404
338,5e6422f7-dc30-4505-abdc-18fa0499d8bc,profiles/338/1784857864746-bea80eec26d25983.webp,yes,26626
340,39dbc28b-585d-41b1-90c8-afc19824568b,profiles/340/1785052401099-ae5ab1afb3d99f41.webp,yes,60354
